condition,threshold_f1,threshold_roc,f1_score_f1,f1_score_roc,auc,recommended_threshold
허리 지면 고정,0.48983333333333334,0.48983333333333334,0.875,0.875,0.890625,0.48983333333333334
허벅지와 종아리 각도 고정,0.8179146666666667,0.8179146666666667,1.0,1.0,1.0,0.8179146666666667
이완 시 다리 긴장유지,0.47357266666666664,0.5464383333333332,0.7619047619047619,0.75,0.734375,0.47357266666666664
고개 숙임 여부,0.38277500000000003,0.49438266666666664,0.6666666666666666,0.6666666666666666,0.515625,0.38277500000000003
