condition,threshold_f1,threshold_roc,f1_score_f1,f1_score_roc,auc,recommended_threshold
앞다리 무릎 각도 90도,0.41849274999999997,0.41849274999999997,1.0,1.0,1.0,0.41849274999999997
몸통 앞발 앞무릎 방향 일치여부,0.46803324999999996,0.5287185,0.7272727272727273,0.6666666666666666,0.6875,0.46803324999999996
상체 정면 균형잡기,0.36381575,0.419213,0.6666666666666666,0.6666666666666666,0.6666666666666666,0.36381575
