condition,threshold_f1,threshold_roc,f1_score_f1,f1_score_roc,auc,recommended_threshold
허리 지면 고정,0.38351033333333334,0.541307,0.6666666666666666,0.2222222222222222,0.421875,0.38351033333333334
견갑골이 지면으로부터 충분히 올라옴,0.44100266666666665,0.5238686666666666,0.8888888888888888,0.875,0.921875,0.44100266666666665
어깨반동 없음,0.49091766666666664,0.5175633333333334,0.7,0.5714285714285714,0.59375,0.49091766666666664
이완시 긴장 유지,0.382695,0.5260986666666666,0.6956521739130435,0.625,0.546875,0.382695
