condition,threshold_f1,threshold_roc,f1_score_f1,f1_score_roc,auc,recommended_threshold
팔꿈치가 어깨보다 안쪽에 위치하지 않음,0.434404,0.434404,0.8,0.8,0.6875,0.434404
몸통과 엉덩이의 정렬 유지,0.4060866666666667,0.6925053333333334,0.8,0.6666666666666666,0.8125,0.4060866666666667
상체의 지면으로부터 충분한 거리 유지,0.44336133333333333,0.518548,0.7272727272727273,0.6666666666666666,0.625,0.44336133333333333
