condition,threshold_f1,threshold_roc,f1_score_f1,f1_score_roc,auc,recommended_threshold
척추의 중립,0.43908400000000003,0.4835176666666667,0.6842105263157895,0.6153846153846154,0.67578125,0.43908400000000003
이완시 팔꿈치 90도,0.43146466666666666,0.43146466666666666,0.7272727272727273,0.7272727272727273,0.59375,0.43146466666666666
가슴의 충분한 이동,0.42517199999999994,0.42517199999999994,0.8648648648648649,0.8648648648648649,0.8515625,0.42517199999999994
손의 위치 가슴 중앙 여부,0.5109746666666667,0.5109746666666667,0.7777777777777778,0.7777777777777778,0.72265625,0.5109746666666667
고개 젖힘/숙임 여부,0.42757666666666666,0.42757666666666666,0.7272727272727273,0.7272727272727273,0.5546875,0.42757666666666666
